{"cameraMode":{"drawMode":0,"name":"Shaded","section":"Shading Mode"},"sceneLighting":false,"audioPlay":false,"sceneViewState":{"showFog":true,"showMaterialUpdate":true,"showSkybox":false,"showFlares":true,"showImageEffects":true,"showParticleSystems":true},"in2DMode":false,"pivot":{"x":1.3417408466339112,"y":-15.205352783203125,"z":29.778139114379884},"rotation":{"x":0.0542825348675251,"y":0.892000138759613,"z":-0.4350123405456543,"w":0.11399415880441666},"size":24.995784759521486,"orthographic":false}