{"cameraMode":{"drawMode":0,"name":"Shaded","section":"Shading Mode"},"sceneLighting":false,"audioPlay":false,"sceneViewState":{"showFog":true,"showMaterialUpdate":true,"showSkybox":false,"showFlares":true,"showImageEffects":true,"showParticleSystems":true},"in2DMode":false,"pivot":{"x":15.782201766967774,"y":18.190420150756837,"z":11.143388748168946},"rotation":{"x":-0.2106909304857254,"y":0.772636353969574,"z":-0.322483092546463,"w":-0.5047430396080017},"size":0.2857883870601654,"orthographic":false}