{"cameraMode":{"drawMode":0,"name":"Shaded","section":"Shading Mode"},"sceneLighting":false,"audioPlay":false,"sceneViewState":{"showFog":true,"showMaterialUpdate":true,"showSkybox":false,"showFlares":true,"showImageEffects":true,"showParticleSystems":true},"in2DMode":false,"pivot":{"x":0.2737886905670166,"y":1.2070425748825074,"z":0.11557301878929138},"rotation":{"x":0.06656502932310105,"y":-0.9272368550300598,"z":0.20035319030284882,"w":0.30963796377182009},"size":0.45500412583351138,"orthographic":false}