{"cameraMode":{"drawMode":0,"name":"Shaded","section":"Shading Mode"},"sceneLighting":false,"audioPlay":false,"sceneViewState":{"showFog":true,"showMaterialUpdate":true,"showSkybox":false,"showFlares":true,"showImageEffects":true,"showParticleSystems":true},"in2DMode":false,"pivot":{"x":-1.8184033632278443,"y":-1.4530441761016846,"z":-3.695756435394287},"rotation":{"x":-0.22816471755504609,"y":0.6897064447402954,"z":-0.24506232142448426,"w":-0.642112135887146},"size":28.25664710998535,"orthographic":false}