{"cameraMode":{"drawMode":0,"name":"Shaded","section":"Shading Mode"},"sceneLighting":false,"audioPlay":false,"sceneViewState":{"showFog":true,"showMaterialUpdate":true,"showSkybox":false,"showFlares":true,"showImageEffects":true,"showParticleSystems":true},"in2DMode":false,"pivot":{"x":-0.006566524505615234,"y":0.9955449104309082,"z":-0.002094268798828125},"rotation":{"x":-0.18795107305049897,"y":-0.3854582607746124,"z":0.08115566521883011,"w":-0.900179922580719},"size":1.5531036853790284,"orthographic":false}