{"cameraMode":{"drawMode":0,"name":"Shaded","section":"Shading Mode"},"sceneLighting":false,"audioPlay":false,"sceneViewState":{"showFog":true,"showMaterialUpdate":true,"showSkybox":false,"showFlares":true,"showImageEffects":true,"showParticleSystems":true},"in2DMode":false,"pivot":{"x":-0.005294322967529297,"y":0.9980901479721069,"z":-0.0026273727416992189},"rotation":{"x":0.14481660723686219,"y":-0.7620230913162231,"z":0.18261310458183289,"w":0.6042820811271668},"size":1.3394386768341065,"orthographic":false}