{"cameraMode":{"drawMode":0,"name":"Shaded","section":"Shading Mode"},"sceneLighting":false,"audioPlay":false,"sceneViewState":{"showFog":true,"showMaterialUpdate":true,"showSkybox":false,"showFlares":true,"showImageEffects":true,"showParticleSystems":true},"in2DMode":false,"pivot":{"x":-0.44786423444747927,"y":-1.4851036071777344,"z":20.61111068725586},"rotation":{"x":-0.12778131663799287,"y":0.02570723369717598,"z":-0.0023267054930329324,"w":-0.9918855428695679},"size":15.07344913482666,"orthographic":false}