{"cameraMode":{"drawMode":0,"name":"Shaded","section":"Shading Mode"},"sceneLighting":false,"audioPlay":false,"sceneViewState":{"showFog":true,"showMaterialUpdate":true,"showSkybox":false,"showFlares":true,"showImageEffects":true,"showParticleSystems":true},"in2DMode":false,"pivot":{"x":14.331679344177246,"y":0.43116381764411929,"z":25.23468017578125},"rotation":{"x":-0.06534336507320404,"y":-0.6974653005599976,"z":0.06347256153821945,"w":-0.711213231086731},"size":11.958189010620118,"orthographic":false}