{"cameraMode":{"drawMode":0,"name":"Shaded","section":"Shading Mode"},"sceneLighting":false,"audioPlay":false,"sceneViewState":{"showFog":true,"showMaterialUpdate":true,"showSkybox":false,"showFlares":true,"showImageEffects":true,"showParticleSystems":true},"in2DMode":false,"pivot":{"x":0.6768718957901001,"y":0.6461344361305237,"z":52.98848342895508},"rotation":{"x":-0.1469823271036148,"y":-0.13858602941036225,"z":0.021932896226644517,"w":-0.9795618057250977},"size":14.433728218078614,"orthographic":false}