{"cameraMode":{"drawMode":0,"name":"Shaded","section":"Shading Mode"},"sceneLighting":false,"audioPlay":false,"sceneViewState":{"showFog":true,"showMaterialUpdate":true,"showSkybox":false,"showFlares":true,"showImageEffects":true,"showParticleSystems":true},"in2DMode":false,"pivot":{"x":-0.42400291562080386,"y":0.19378119707107545,"z":51.51934814453125},"rotation":{"x":-0.2472318708896637,"y":0.10348586738109589,"z":-0.02573389746248722,"w":-0.9634938836097717},"size":4.422536373138428,"orthographic":false}