{"cameraMode":{"drawMode":0,"name":"Shaded","section":"Shading Mode"},"sceneLighting":false,"audioPlay":false,"sceneViewState":{"showFog":true,"showMaterialUpdate":true,"showSkybox":false,"showFlares":true,"showImageEffects":true,"showParticleSystems":true},"in2DMode":false,"pivot":{"x":-0.000598907470703125,"y":0.24321770668029786,"z":0.002473592758178711},"rotation":{"x":-0.18795107305049897,"y":-0.3854582607746124,"z":0.08115566521883011,"w":-0.900179922580719},"size":5.455508232116699,"orthographic":false}