{"cameraMode":{"drawMode":0,"name":"Shaded","section":"Shading Mode"},"sceneLighting":false,"audioPlay":false,"sceneViewState":{"showFog":true,"showMaterialUpdate":true,"showSkybox":false,"showFlares":true,"showImageEffects":true,"showParticleSystems":true},"in2DMode":false,"pivot":{"x":-0.3045586347579956,"y":1.572972297668457,"z":51.94811248779297},"rotation":{"x":0.002279876498505473,"y":0.9957120418548584,"z":-0.09048401564359665,"w":0.034446071833372119},"size":1.3628606796264649,"orthographic":false}