{"cameraMode":{"drawMode":0,"name":"Shaded","section":"Shading Mode"},"sceneLighting":false,"audioPlay":false,"sceneViewState":{"showFog":true,"showMaterialUpdate":true,"showSkybox":false,"showFlares":true,"showImageEffects":true,"showParticleSystems":true},"in2DMode":false,"pivot":{"x":2.908449649810791,"y":1.232566475868225,"z":-3.6867363452911379},"rotation":{"x":0.27141571044921877,"y":0.3424282968044281,"z":-0.10403428226709366,"w":0.8935174942016602},"size":10.644357681274414,"orthographic":false}