{"cameraMode":{"drawMode":0,"name":"Shaded","section":"Shading Mode"},"sceneLighting":false,"audioPlay":false,"sceneViewState":{"showFog":true,"showMaterialUpdate":true,"showSkybox":false,"showFlares":true,"showImageEffects":true,"showParticleSystems":true},"in2DMode":false,"pivot":{"x":-7.031467437744141,"y":-14.939499855041504,"z":2.314819574356079},"rotation":{"x":-0.2692587375640869,"y":0.7308032512664795,"z":-0.4434547424316406,"w":-0.4437253475189209},"size":55.65865707397461,"orthographic":false}