{"cameraMode":{"drawMode":0,"name":"Shaded","section":"Shading Mode"},"sceneLighting":false,"audioPlay":false,"sceneViewState":{"showFog":true,"showMaterialUpdate":true,"showSkybox":false,"showFlares":true,"showImageEffects":true,"showParticleSystems":true},"in2DMode":false,"pivot":{"x":0.0,"y":2.3931565284729006,"z":-5.247092247009277},"rotation":{"x":-0.19611148536205293,"y":0.16882090270519257,"z":-0.03426641225814819,"w":-0.9653932452201843},"size":7.2317047119140629,"orthographic":false}