{"cameraMode":{"drawMode":0,"name":"Shaded","section":"Shading Mode"},"sceneLighting":false,"audioPlay":false,"sceneViewState":{"showFog":true,"showMaterialUpdate":true,"showSkybox":false,"showFlares":true,"showImageEffects":true,"showParticleSystems":true},"in2DMode":false,"pivot":{"x":-4.200389385223389,"y":1.3437010049819947,"z":-3.8997089862823488},"rotation":{"x":0.06490898877382279,"y":-0.8402908444404602,"z":0.10342062264680863,"w":0.5283311009407044},"size":3.3516218662261965,"orthographic":false}