{"cameraMode":{"drawMode":0,"name":"Shaded","section":"Shading Mode"},"sceneLighting":false,"audioPlay":false,"sceneViewState":{"showFog":true,"showMaterialUpdate":true,"showSkybox":false,"showFlares":true,"showImageEffects":true,"showParticleSystems":true},"in2DMode":false,"pivot":{"x":-2.933320999145508,"y":1.1116969585418702,"z":47.04734420776367},"rotation":{"x":0.17161180078983308,"y":-0.08348991721868515,"z":0.014871999621391297,"w":0.9816172122955322},"size":3.6981282234191896,"orthographic":false}