{"cameraMode":{"drawMode":0,"name":"Shaded","section":"Shading Mode"},"sceneLighting":false,"audioPlay":false,"sceneViewState":{"showFog":true,"showMaterialUpdate":true,"showSkybox":true,"showFlares":true,"showImageEffects":true,"showParticleSystems":true},"in2DMode":false,"pivot":{"x":-8.541241645812989,"y":0.11074905842542649,"z":151.25643920898438},"rotation":{"x":0.04558899626135826,"y":0.023242807015776635,"z":-0.0011603499297052622,"w":0.9988409876823425},"size":26.69426155090332,"orthographic":false}